{
  "hash": "51319f3e",
  "configHash": "d7f94169",
  "lockfileHash": "529e5b3e",
  "browserHash": "09993526",
  "optimized": {
    "@angular/common": {
      "src": "../../../../../node_modules/@angular/common/fesm2022/common.mjs",
      "file": "@angular_common.js",
      "fileHash": "802a2046",
      "needsInterop": false
    },
    "@angular/common/http": {
      "src": "../../../../../node_modules/@angular/common/fesm2022/http.mjs",
      "file": "@angular_common_http.js",
      "fileHash": "8f7af8e5",
      "needsInterop": false
    },
    "@angular/core": {
      "src": "../../../../../node_modules/@angular/core/fesm2022/core.mjs",
      "file": "@angular_core.js",
      "fileHash": "b3ee90bc",
      "needsInterop": false
    },
    "@angular/forms": {
      "src": "../../../../../node_modules/@angular/forms/fesm2022/forms.mjs",
      "file": "@angular_forms.js",
      "fileHash": "c943a48c",
      "needsInterop": false
    },
    "@angular/platform-browser": {
      "src": "../../../../../node_modules/@angular/platform-browser/fesm2022/platform-browser.mjs",
      "file": "@angular_platform-browser.js",
      "fileHash": "8268a0d9",
      "needsInterop": false
    },
    "@angular/router": {
      "src": "../../../../../node_modules/@angular/router/fesm2022/router.mjs",
      "file": "@angular_router.js",
      "fileHash": "2418a05e",
      "needsInterop": false
    },
    "rxjs": {
      "src": "../../../../../node_modules/rxjs/dist/esm5/index.js",
      "file": "rxjs.js",
      "fileHash": "88d05df9",
      "needsInterop": false
    },
    "rxjs/operators": {
      "src": "../../../../../node_modules/rxjs/dist/esm5/operators/index.js",
      "file": "rxjs_operators.js",
      "fileHash": "11265d7d",
      "needsInterop": false
    }
  },
  "chunks": {
    "chunk-FGIJWRIL": {
      "file": "chunk-FGIJWRIL.js"
    },
    "chunk-2DJJH5CC": {
      "file": "chunk-2DJJH5CC.js"
    },
    "chunk-APQJ6POP": {
      "file": "chunk-APQJ6POP.js"
    },
    "chunk-IGJZNA3K": {
      "file": "chunk-IGJZNA3K.js"
    },
    "chunk-CONQKHOI": {
      "file": "chunk-CONQKHOI.js"
    },
    "chunk-V4GYEGQC": {
      "file": "chunk-V4GYEGQC.js"
    },
    "chunk-GC5FLHL6": {
      "file": "chunk-GC5FLHL6.js"
    }
  }
}